,To_State_0,To_State_1,To_State_2,To_State_3,To_State_4,To_State_5,To_State_6,To_State_7,To_State_8,To_State_9,To_State_10,To_State_11,To_State_12,To_State_13,To_State_14,To_State_15,To_State_16,To_State_17,To_State_18,To_State_19
From_State_0,0.21477398108987206,1.749575e-318,1.694147801489362e-67,0.09781524333523431,0.0,0.004731314470910193,9.852289903331026e-59,0.007770193098863792,0.0,4.697037057799875e-54,1.2849939250150326e-40,2.3652737756944923e-67,1.5810143760855337e-77,1.087e-321,0.0,0.07916154616424748,4.3399052721826283e-131,1.1129330941172911e-39,3.128796807135888e-46,0.5957477218408722
From_State_1,1.5862794196442647e-302,0.7945620007652189,0.0,0.0,0.0,0.0,0.0071889176460795045,2.783601239964663e-66,0.023877922244830648,0.0,2.0891537915823693e-13,0.0651841317555079,0.0011774532189338098,0.02023928376411431,0.05994134958971099,0.0,0.02155208992109843,0.0,0.006276851094296483,3.682740399116973e-206
From_State_2,5.386276436072865e-61,0.0,0.12636867077724026,0.0,0.0,2.2847125918120416e-07,0.0,0.02981592852497726,0.0,0.7824067733720325,0.0,0.0,0.0,0.0,0.0,1.2159846891189768e-84,0.0,0.06140839885449081,0.0,9.328245924523066e-110
From_State_3,0.08799499742177572,0.0,0.0,0.709895023060791,0.0,1.279608462180263e-154,3.444836966997766e-15,0.0032198396440601875,0.0,0.0,0.0012847578029875587,1.0083074664813504e-28,6.036514339230694e-11,1.899326962651383e-222,0.0,0.05929959764658115,1.6723969167079644e-61,0.0,0.003813056977753765,0.13449272738568196
From_State_4,0.0,0.0,0.0,0.0,0.2499962837213211,0.0,0.24999628356489034,0.0,0.0,0.0,0.0,0.0,4.803058486541223e-11,0.5000074326657579,0.0,0.0,0.0,0.0,0.0,0.0
From_State_5,0.007774695889176428,0.0,4.594961344308459e-19,7.141266447750641e-154,0.0,0.8670583357105609,3.9931653758140115e-307,0.004899542758233701,0.0,0.0002937304496550771,0.0,2.7718889983590976e-290,1.9632161293423703e-251,0.0,0.0,0.03235320772136832,0.0,0.0017336641960249953,1.2826979220559388e-224,0.08588682327498068
From_State_6,1.1524865960689438e-19,0.018549936271521628,0.0,0.018430244992509028,0.0,1.392069782665324e-235,0.055754114166346354,0.00770933314772728,0.004802898176589139,0.0,0.05425500033054741,0.5057863936639344,0.0696966195116874,0.007556457185194154,5.5726431115298035e-49,4.695091171488244e-108,0.18905696131271,0.0,0.06840204124123313,3.9291389082625877e-75
From_State_7,0.06268690971932235,2.263153086787097e-14,0.024362615038268993,0.07488699155406285,0.0,0.048701610754903334,0.020568605461533305,0.041591789428431725,0.04915320829573864,0.0791214795516602,0.02787000306896851,0.18526756245470083,0.05236742852618855,1.4344775389565497e-58,0.039104951517453614,0.018385453390843444,1.8708962974293524e-17,0.029794768992842988,0.1227797523224236,0.12335686992263459
From_State_8,0.0,0.03168198714978512,0.0,0.0,3.9e-322,0.0,2.669219992319911e-71,0.002271898836347617,0.87811765014023,0.0,3.027199028453996e-59,1.1574003640833913e-40,4.6848789798771373e-213,0.009830666575434794,0.07242564380205001,0.0,0.0056721534961524725,0.0,8.064257688765062e-83,0.0
From_State_9,1.0299755743745846e-81,0.0,0.07259972208543512,0.0,0.0,1.418121308030223e-11,0.0,0.011492677353387354,0.0,0.7951400711273978,0.0,0.0,0.0,0.0,0.0,5.324056734414117e-36,0.0,0.12076752941959848,0.0,1.4217168617765964e-76
From_State_10,3.9205026325502276e-08,5.655485431261138e-13,0.0,4.836484409964233e-07,0.0,4.070956384e-314,0.04460373192365834,0.015791622038228224,1.7821256323148101e-125,0.0,0.08463093715406353,0.5647219914434798,0.03257306040769892,1.0170458265431361e-20,1.5222262628944166e-25,2.871347790757441e-102,0.19317935107294912,0.0,0.06449878310588933,1.712694561179317e-36
From_State_11,2.685509165443758e-41,0.012066715356498338,0.0,1.0390630763513514e-12,0.0,1.3891325103471572e-302,0.03287967441823615,0.005395677951869696,2.934417065994168e-76,0.0,0.03979895231446497,0.6713105998690576,0.021488370085213333,0.00539405414513835,0.00024029970060428064,9.158972177125279e-36,0.1228836707096427,0.0,0.0885419854482354,1.057936924956643e-32
From_State_12,1.3048876929345784e-44,5.5794389086829105e-47,0.0,0.019299882347424416,0.013776467359631662,2.2747419672474728e-241,0.0823572481346484,1.085592061560165e-68,2.3943473311240606e-147,0.0,0.08409860222173357,0.45903757175264265,0.04599431469882161,0.012198024301927075,6.474048264824868e-22,1.932590667790071e-105,0.15128091557637452,0.0,0.13180667384845968,0.0001502997583365455
From_State_13,1.0333994240191118e-241,0.28622588946116434,0.0,5.302370095868859e-175,3.091627489011292e-262,0.0,4.0068800117009155e-37,2.639698785627551e-210,0.17116189182161154,0.0,0.06992775112345091,0.1200706662855148,3.610464479431889e-36,0.12278418177143258,0.15820913273216378,0.0,0.07162048680466171,0.0,2.0044496044564207e-16,6.769059173230418e-246
From_State_14,2.931014287201138e-113,0.344017465592699,0.0,0.0,0.0,0.0,0.00010031966405314351,3.1615978438121794e-185,0.4321842439011208,0.0,1.6763574821331997e-78,0.00024047361043374698,6.323580511255137e-139,0.037917113991558456,0.1855403832255706,0.0,1.4564098564402376e-11,0.0,2.1621652380636098e-36,1.140114762433723e-134
From_State_15,0.17449774247640795,4.8502414236277785e-257,7.986865690011421e-49,0.25237686756992045,9.067192442149342e-162,0.08357137313390786,2.4400714530605153e-98,0.018612868680499172,6.744e-321,2.313495847257459e-22,1.830409541150029e-91,4.588377221849996e-68,1.078397656235878e-68,3.782125052614833e-228,0.0,0.05515121594765813,3.481828956928931e-96,3.7086956640913835e-87,4.1714606655595814e-91,0.41578993219160654
From_State_16,3.300492317087287e-30,0.03477526362688022,0.0,2.7480623974824148e-39,0.0,0.0,0.038809702752165595,0.003072570269110954,0.003026214214479635,0.0,0.08463256340700893,0.4232732339227675,0.030744415063260387,0.0005698925842942097,8.446200473345252e-35,9.886550187308401e-68,0.28873249276527424,0.0,0.09236365139475833,1.5881189239512972e-56
From_State_17,2.7249746280003206e-110,0.0,0.02835409218498854,0.0,0.0,1.7527715927505385e-35,0.0,0.029230645834881365,0.0,0.7771263992528934,0.0,0.0,0.0,0.0,0.0,2.3679623428638426e-56,0.0,0.16528886272723667,0.0,1.7835668011627463e-78
From_State_18,0.0013360002975445076,1.243589539467881e-16,0.0,7.0876366365036075e-22,0.0,4.727843128902334e-273,0.04274989272298687,0.013246203254533307,2.6859358246647457e-108,0.0,0.042897046614283514,0.5469516905528867,0.024637687400772778,0.0018733925463016727,6.02887577356117e-61,0.0039200513815552274,0.10925255103353208,0.0,0.20388402306863487,0.009251461126968123
From_State_19,0.17405171520428683,2.323275049912144e-303,1.5011418202546546e-80,0.04259207703146283,0.0,0.024493686181000108,2.5544520055925146e-82,0.010400419906052989,0.0,3.2206087066706644e-50,5.715016823435502e-84,2.279035976613175e-73,4.561141864425756e-72,1.0420763553461043e-282,0.0,0.0424921805034797,1.3259667722187626e-98,4.402951521982063e-47,7.356407710827157e-41,0.7059699211737175
